Producto;Precio;Enlace
Tenis Puma Scuderia Ferrari Drift Cat 5 Ultra Ii Men's Shoes;110;https://articulo.mercadolibre.com.do/MRD-701567504-tenis-puma-scuderia-ferrari-drift-cat-5-ultra-ii-mens-shoes-_JM?searchVariation=197314467733#polycard_client=search-desktop&searchVariation=197314467733&search_layout=grid&position=1&type=item&tracking_id=cabde596-d252-469d-b9c3-52ab254ac978
Estante Plegable Para Zapatillas Azul - Organizador De Zapat;2,380;https://articulo.mercadolibre.com.do/MRD-681769604-estante-plegable-para-zapatillas-azul-organizador-de-zapat-_JM#polycard_client=search-desktop&search_layout=grid&position=2&type=item&tracking_id=cabde596-d252-469d-b9c3-52ab254ac978&wid=MRD681769604&sid=search
Cordones De Silicon Unisex Adultos Y Niños. Zapatos Cotillon;300;https://articulo.mercadolibre.com.do/MRD-684849522-cordones-de-silicon-unisex-adultos-y-ninos-zapatos-cotillon-_JM#polycard_client=search-desktop&search_layout=grid&position=3&type=item&tracking_id=cabde596-d252-469d-b9c3-52ab254ac978&wid=MRD684849522&sid=search
Zapatillas;2,000;https://articulo.mercadolibre.com.do/MRD-699110810-zapatillas-_JM?searchVariation=197166792389#polycard_client=search-desktop&searchVariation=197166792389&search_layout=grid&position=4&type=item&tracking_id=cabde596-d252-469d-b9c3-52ab254ac978
Tennis adidas Mens 5.10 Trailcross Xt Lace Up Size 10.5;11,495;https://articulo.mercadolibre.com.do/MRD-697005012-tennis-adidas-mens-510-trailcross-xt-lace-up-size-105-_JM?searchVariation=190334950832#polycard_client=search-desktop&searchVariation=190334950832&search_layout=grid&position=5&type=item&tracking_id=cabde596-d252-469d-b9c3-52ab254ac978
Zapatillas Skechers Energy Afterburn Para Hombre;7,667;https://articulo.mercadolibre.com.do/MRD-685200668-zapatillas-skechers-energy-afterburn-para-hombre-_JM#polycard_client=search-desktop&search_layout=grid&position=6&type=item&tracking_id=cabde596-d252-469d-b9c3-52ab254ac978&wid=MRD685200668&sid=search
Cordones Flexibles Tenis;995;https://articulo.mercadolibre.com.do/MRD-682795502-cordones-flexibles-tenis-_JM?searchVariation=195257334771#polycard_client=search-desktop&searchVariation=195257334771&search_layout=grid&position=7&type=item&tracking_id=cabde596-d252-469d-b9c3-52ab254ac978
Tenis Puma Scuderia Ferrari Drift Cat 5 Ultra Ii Men's Shoes;110;https://articulo.mercadolibre.com.do/MRD-701359556-tenis-puma-scuderia-ferrari-drift-cat-5-ultra-ii-mens-shoes-_JM?searchVariation=190583319394#polycard_client=search-desktop&searchVariation=190583319394&search_layout=grid&position=8&type=item&tracking_id=cabde596-d252-469d-b9c3-52ab254ac978
Zapatillas De Ciclismo Giro Chamber Ii - Hombre;7,480;https://articulo.mercadolibre.com.do/MRD-685005692-zapatillas-de-ciclismo-giro-chamber-ii-hombre-_JM#polycard_client=search-desktop&search_layout=grid&position=9&type=item&tracking_id=cabde596-d252-469d-b9c3-52ab254ac978&wid=MRD685005692&sid=search
Cordones Flexibles;995;https://articulo.mercadolibre.com.do/MRD-697082684-cordones-flexibles-_JM?searchVariation=196911996603#polycard_client=search-desktop&searchVariation=196911996603&search_layout=grid&position=10&type=item&tracking_id=cabde596-d252-469d-b9c3-52ab254ac978
Tenis Teni Nike Dunk Low Rose Whisper Original Originales;12,000;https://articulo.mercadolibre.com.do/MRD-698720940-tenis-teni-nike-dunk-low-rose-whisper-original-originales-_JM?searchVariation=190508289544#polycard_client=search-desktop&searchVariation=190508289544&search_layout=grid&position=11&type=item&tracking_id=cabde596-d252-469d-b9c3-52ab254ac978
Zapatillas De Boxeo Ringside Diablo: Resistencia Y Agarre;9,639;https://articulo.mercadolibre.com.do/MRD-685500074-zapatillas-de-boxeo-ringside-diablo-resistencia-y-agarre-_JM#polycard_client=search-desktop&search_layout=grid&position=12&type=item&tracking_id=cabde596-d252-469d-b9c3-52ab254ac978&wid=MRD685500074&sid=search
Tenis Teni Nike Dunk Low Grey Fog Original Originales;12,000;https://articulo.mercadolibre.com.do/MRD-698681922-tenis-teni-nike-dunk-low-grey-fog-original-originales-_JM?searchVariation=197155721111#polycard_client=search-desktop&searchVariation=197155721111&search_layout=grid&position=13&type=item&tracking_id=cabde596-d252-469d-b9c3-52ab254ac978
Zapatillas De Moda Skecher Street Utopia Para Mujer;5,015;https://articulo.mercadolibre.com.do/MRD-684901702-zapatillas-de-moda-skecher-street-utopia-para-mujer-_JM#polycard_client=search-desktop&search_layout=grid&position=14&type=item&tracking_id=cabde596-d252-469d-b9c3-52ab254ac978&wid=MRD684901702&sid=search
Tenis Puma Scuderia Ferrari Future Kart Cat Men's Shoes;110;https://articulo.mercadolibre.com.do/MRD-697056542-tenis-puma-scuderia-ferrari-future-kart-cat-mens-shoes-_JM?searchVariation=196911649905#polycard_client=search-desktop&searchVariation=196911649905&search_layout=grid&position=15&type=item&tracking_id=cabde596-d252-469d-b9c3-52ab254ac978
Zapatillas Ciclismo Giro Privateer Lace Hombre - Negras 46;13,481;https://articulo.mercadolibre.com.do/MRD-685512530-zapatillas-ciclismo-giro-privateer-lace-hombre-negras-46-_JM#polycard_client=search-desktop&search_layout=grid&position=16&type=item&tracking_id=cabde596-d252-469d-b9c3-52ab254ac978&wid=MRD685512530&sid=search
Tenis Teni Nike Dunk Low Retro Panda Black White Original;12,000;https://articulo.mercadolibre.com.do/MRD-698850890-tenis-teni-nike-dunk-low-retro-panda-black-white-original-_JM?searchVariation=190508880424#polycard_client=search-desktop&searchVariation=190508880424&search_layout=grid&position=17&type=item&tracking_id=cabde596-d252-469d-b9c3-52ab254ac978
Zapatillas De Ballet Rosa Con Cintas Y Punteras, Mujer;4,369;https://articulo.mercadolibre.com.do/MRD-685109666-zapatillas-de-ballet-rosa-con-cintas-y-punteras-mujer-_JM#polycard_client=search-desktop&search_layout=grid&position=18&type=item&tracking_id=cabde596-d252-469d-b9c3-52ab254ac978&wid=MRD685109666&sid=search
Tenis Puma Scuderia Ferrari Future Kart Cat Men's Shoes;110;https://articulo.mercadolibre.com.do/MRD-696718742-tenis-puma-scuderia-ferrari-future-kart-cat-mens-shoes-_JM?searchVariation=196912191243#polycard_client=search-desktop&searchVariation=196912191243&search_layout=grid&position=19&type=item&tracking_id=cabde596-d252-469d-b9c3-52ab254ac978
Set De Zapatillas Hd 57t Con Engranajes Rectos De Acero Metá;1,993;https://articulo.mercadolibre.com.do/MRD-682028740-set-de-zapatillas-hd-57t-con-engranajes-rectos-de-acero-meta-_JM#polycard_client=search-desktop&search_layout=grid&position=20&type=item&tracking_id=cabde596-d252-469d-b9c3-52ab254ac978&wid=MRD682028740&sid=search
